Workbook

Sheet Comparação
A1: Hyper-V (Tipo 1, root) vs. VMware Workstation (Tipo 2) — N = 10
A3: Subsistema | B3: Teste | C3: Métrica | D3: Unidade | E3: Sentido | F3: Hyper-V média | G3: Hyper-V σ | H3: VMware média | I3: VMware σ | J3: Δ% | K3: p (Welch) | L3: Melhor
A4: CPU | B4: sysbench cpu, 1 thread | C4: Eventos/s | D4: eventos/s | E4: maior | F4: =Corridas!Q2 -> 295.212 | G4: =Corridas!R2 -> 2.8539828 | H4: =Corridas!Q4 -> 287.865 | I4: =Corridas!R4 -> 18.330423 | J4: =(H4-F4)/F4 -> -0.0248872 | K4: =TTEST(Corridas!G2:P2,Corridas!G4:P4,2,3) -> 0.2405804 | L4: =IF(K4>=0.05,"n.s.",IF((H4>F4)=(E4="maior"),"VMware","Hyper-V (root)")) -> n.s.
A5: CPU | B5: sysbench cpu, 2 threads | C5: Eventos/s | D5: eventos/s | E5: maior | F5: =Corridas!Q14 -> 552.772 | G5: =Corridas!R14 -> 9.4790679 | H5: =Corridas!Q16 -> 536.497 | I5: =Corridas!R16 -> 22.289799 | J5: =(H5-F5)/F5 -> -0.029442519 | K5: =TTEST(Corridas!G14:P14,Corridas!G16:P16,2,3) -> 0.054783832 | L5: =IF(K5>=0.05,"n.s.",IF((H5>F5)=(E5="maior"),"VMware","Hyper-V (root)")) -> n.s.
A6: CPU | B6: sysbench cpu, 2 threads | C6: Latência p95 | D6: ms | E6: menor | F6: =Corridas!Q20 -> 4.442 | G6: =Corridas!R20 -> 0.055936472 | H6: =Corridas!Q22 -> 4.576 | I6: =Corridas!R22 -> 0.25189063 | J6: =(H6-F6)/F6 -> 0.030166592 | K6: =TTEST(Corridas!G20:P20,Corridas!G22:P22,2,3) -> 0.13192233 | L6: =IF(K6>=0.05,"n.s.",IF((H6>F6)=(E6="maior"),"VMware","Hyper-V (root)")) -> n.s.
A7: Memória | B7: Escrita sequencial, bloco 1 KiB | C7: Débito | D7: MiB/s | E7: maior | F7: =Corridas!Q28 -> 4225.663 | G7: =Corridas!R28 -> 266.54052 | H7: =Corridas!Q29 -> 4345.613 | I7: =Corridas!R29 -> 163.43508 | J7: =(H7-F7)/F7 -> 0.028386078 | K7: =TTEST(Corridas!G28:P28,Corridas!G29:P29,2,3) -> 0.24390143 | L7: =IF(K7>=0.05,"n.s.",IF((H7>F7)=(E7="maior"),"VMware","Hyper-V (root)")) -> n.s.
A8: Memória | B8: Leitura sequencial, bloco 1 MiB | C8: Débito | D8: MiB/s | E8: maior | F8: =Corridas!Q38 -> 29139.954 | G8: =Corridas!R38 -> 859.04554 | H8: =Corridas!Q39 -> 28839.975 | I8: =Corridas!R39 -> 2122.2858 | J8: =(H8-F8)/F8 -> -0.010294423 | K8: =TTEST(Corridas!G38:P38,Corridas!G39:P39,2,3) -> 0.68602463 | L8: =IF(K8>=0.05,"n.s.",IF((H8>F8)=(E8="maior"),"VMware","Hyper-V (root)")) -> n.s.
A9: Memória | B9: Escrita sequencial, bloco 1 MiB | C9: Débito | D9: MiB/s | E9: maior | F9: =Corridas!Q48 -> 22499.154 | G9: =Corridas!R48 -> 1180.8874 | H9: =Corridas!Q49 -> 22193.857 | I9: =Corridas!R49 -> 2835.2511 | J9: =(H9-F9)/F9 -> -0.013569266 | K9: =TTEST(Corridas!G48:P48,Corridas!G49:P49,2,3) -> 0.75864974 | L9: =IF(K9>=0.05,"n.s.",IF((H9>F9)=(E9="maior"),"VMware","Hyper-V (root)")) -> n.s.
A10: Memória | B10: Leitura aleatória, buffer 256 MiB | C10: Débito | D10: MiB/s | E10: maior | F10: =Corridas!Q58 -> 607.877 | G10: =Corridas!R58 -> 33.305634 | H10: =Corridas!Q59 -> 441.267 | I10: =Corridas!R59 -> 37.214225 | J10: =(H10-F10)/F10 -> -0.27408505 | K10: =TTEST(Corridas!G58:P58,Corridas!G59:P59,2,3) -> 4.4196438e-09 | L10: =IF(K10>=0.05,"n.s.",IF((H10>F10)=(E10="maior"),"VMware","Hyper-V (root)")) -> Hyper-V (root)
A11: Disco | B11: Leitura aleatória 4K, Q=1 | C11: Leitura: IOPS | D11: IOPS | E11: maior | F11: =Corridas!Q60 -> 3986.0143 | G11: =Corridas!R60 -> 182.77637 | H11: =Corridas!Q61 -> 6668.1488 | I11: =Corridas!R61 -> 1006.2253 | J11: =(H11-F11)/F11 -> 0.67288633 | K11: =TTEST(Corridas!G60:P60,Corridas!G61:P61,2,3) -> 1.1152506e-05 | L11: =IF(K11>=0.05,"n.s.",IF((H11>F11)=(E11="maior"),"VMware","Hyper-V (root)")) -> VMware
A12: Disco | B12: Leitura aleatória 4K, Q=1 | C12: Leitura: latência média | D12: µs | E12: menor | F12: =Corridas!Q64 -> 248.92189 | G12: =Corridas!R64 -> 12.132202 | H12: =Corridas!Q65 -> 150.59076 | I12: =Corridas!R65 -> 24.4569 | J12: =(H12-F12)/F12 -> -0.39502805 | K12: =TTEST(Corridas!G64:P64,Corridas!G65:P65,2,3) -> 3.40003e-08 | L12: =IF(K12>=0.05,"n.s.",IF((H12>F12)=(E12="maior"),"VMware","Hyper-V (root)")) -> VMware
A13: Disco | B13: Leitura aleatória 4K, Q=1 | C13: Leitura: latência p99 | D13: µs | E13: menor | F13: =Corridas!Q66 -> 356.352 | G13: =Corridas!R66 -> 49.312922 | H13: =Corridas!Q67 -> 181.9136 | I13: =Corridas!R67 -> 70.023288 | J13: =(H13-F13)/F13 -> -0.48951149 | K13: =TTEST(Corridas!G66:P66,Corridas!G67:P67,2,3) -> 7.7663215e-06 | L13: =IF(K13>=0.05,"n.s.",IF((H13>F13)=(E13="maior"),"VMware","Hyper-V (root)")) -> VMware
A14: Disco | B14: Escrita aleatória 4K, Q=1 | C14: Escrita: IOPS | D14: IOPS | E14: maior | F14: =Corridas!Q68 -> 5393.1338 | G14: =Corridas!R68 -> 294.84117 | H14: =Corridas!Q69 -> 6281.6679 | I14: =Corridas!R69 -> 770.18456 | J14: =(H14-F14)/F14 -> 0.16475284 | K14: =TTEST(Corridas!G68:P68,Corridas!G69:P69,2,3) -> 0.0054559607 | L14: =IF(K14>=0.05,"n.s.",IF((H14>F14)=(E14="maior"),"VMware","Hyper-V (root)")) -> VMware
A15: Disco | B15: Escrita aleatória 4K, Q=1 | C15: Escrita: latência média | D15: µs | E15: menor | F15: =Corridas!Q72 -> 183.40908 | G15: =Corridas!R72 -> 11.032946 | H15: =Corridas!Q73 -> 158.38696 | I15: =Corridas!R73 -> 19.613225 | J15: =(H15-F15)/F15 -> -0.13642793 | K15: =TTEST(Corridas!G72:P72,Corridas!G73:P73,2,3) -> 0.0033646801 | L15: =IF(K15>=0.05,"n.s.",IF((H15>F15)=(E15="maior"),"VMware","Hyper-V (root)")) -> VMware
A16: Disco | B16: Mista 50/50 aleatória 4K, Q=1 | C16: Total: IOPS | D16: IOPS | E16: maior | F16: =Corridas!Q92 -> 4656.0896 | G16: =Corridas!R92 -> 206.34682 | H16: =Corridas!Q93 -> 6182.9011 | I16: =Corridas!R93 -> 970.81121 | J16: =(H16-F16)/F16 -> 0.32791713 | K16: =TTEST(Corridas!G92:P92,Corridas!G93:P93,2,3) -> 0.0006938636 | L16: =IF(K16>=0.05,"n.s.",IF((H16>F16)=(E16="maior"),"VMware","Hyper-V (root)")) -> VMware
A17: Disco | B17: Mista 50/50 aleatória 4K, Q=32 | C17: Total: IOPS | D17: IOPS | E17: maior | F17: =Corridas!Q112 -> 75398.82 | G17: =Corridas!R112 -> 2698.2711 | H17: =Corridas!Q113 -> 9161.2226 | I17: =Corridas!R113 -> 1152.4058 | J17: =(H17-F17)/F17 -> -0.87849647 | K17: =TTEST(Corridas!G112:P112,Corridas!G113:P113,2,3) -> 2.4062233e-17 | L17: =IF(K17>=0.05,"n.s.",IF((H17>F17)=(E17="maior"),"VMware","Hyper-V (root)")) -> Hyper-V (root)
A18: Disco | B18: Mista 50/50 aleatória 4K, Q=32 | C18: Leitura: latência média | D18: µs | E18: menor | F18: =Corridas!Q100 -> 459.50787 | G18: =Corridas!R100 -> 15.826931 | H18: =Corridas!Q101 -> 3539.5365 | I18: =Corridas!R101 -> 468.03849 | J18: =(H18-F18)/F18 -> 6.7028856 | K18: =TTEST(Corridas!G100:P100,Corridas!G101:P101,2,3) -> 6.2312965e-09 | L18: =IF(K18>=0.05,"n.s.",IF((H18>F18)=(E18="maior"),"VMware","Hyper-V (root)")) -> Hyper-V (root)
A19: Disco | B19: Mista 50/50 aleatória 4K, Q=32 | C19: Escrita: latência média | D19: µs | E19: menor | F19: =Corridas!Q108 -> 387.94327 | G19: =Corridas!R108 -> 15.055962 | H19: =Corridas!Q109 -> 3543.4225 | I19: =Corridas!R109 -> 467.72812 | J19: =(H19-F19)/F19 -> 8.1338678 | K19: =TTEST(Corridas!G108:P108,Corridas!G109:P109,2,3) -> 5.0120198e-09 | L19: =IF(K19>=0.05,"n.s.",IF((H19>F19)=(E19="maior"),"VMware","Hyper-V (root)")) -> Hyper-V (root)
A20: Disco | B20: Leitura sequencial 1M, Q=16 | C20: Leitura: débito | D20: MiB/s | E20: maior | F20: =Corridas!Q118 -> 1293.1908 | G20: =Corridas!R118 -> 30.576468 | H20: =Corridas!Q119 -> 971.55586 | I20: =Corridas!R119 -> 30.20187 | J20: =(H20-F20)/F20 -> -0.24871423 | K20: =TTEST(Corridas!G118:P118,Corridas!G119:P119,2,3) -> 5.1950851e-15 | L20: =IF(K20>=0.05,"n.s.",IF((H20>F20)=(E20="maior"),"VMware","Hyper-V (root)")) -> Hyper-V (root)
A21: Disco | B21: Escrita sequencial 1M, Q=16 | C21: Escrita: débito | D21: MiB/s | E21: maior | F21: =Corridas!Q126 -> 1651.2934 | G21: =Corridas!R126 -> 232.35208 | H21: =Corridas!Q127 -> 797.71299 | I21: =Corridas!R127 -> 195.90409 | J21: =(H21-F21)/F21 -> -0.51691625 | K21: =TTEST(Corridas!G126:P126,Corridas!G127:P127,2,3) -> 6.7528345e-08 | L21: =IF(K21>=0.05,"n.s.",IF((H21>F21)=(E21="maior"),"VMware","Hyper-V (root)")) -> Hyper-V (root)
A22: Rede | B22: TCP convidado→anfitrião | C22: Débito | D22: Mbit/s | E22: maior | F22: =Corridas!Q132 -> 3546.1269 | G22: =Corridas!R132 -> 240.71146 | H22: =Corridas!Q133 -> 2374.4822 | I22: =Corridas!R133 -> 172.03195 | J22: =(H22-F22)/F22 -> -0.33040124 | K22: =TTEST(Corridas!G132:P132,Corridas!G133:P133,2,3) -> 8.8673978e-10 | L22: =IF(K22>=0.05,"n.s.",IF((H22>F22)=(E22="maior"),"VMware","Hyper-V (root)")) -> Hyper-V (root)
A23: Rede | B23: TCP anfitrião→convidado | C23: Débito | D23: Mbit/s | E23: maior | F23: =Corridas!Q140 -> 6165.0856 | G23: =Corridas!R140 -> 539.25878 | H23: =Corridas!Q141 -> 2100.1199 | I23: =Corridas!R141 -> 72.735955 | J23: =(H23-F23)/F23 -> -0.65935268 | K23: =TTEST(Corridas!G140:P140,Corridas!G141:P141,2,3) -> 1.2240296e-09 | L23: =IF(K23>=0.05,"n.s.",IF((H23>F23)=(E23="maior"),"VMware","Hyper-V (root)")) -> Hyper-V (root)
A24: Rede | B24: TCP convidado→anfitrião, 4 ligações | C24: Débito | D24: Mbit/s | E24: maior | F24: =Corridas!Q146 -> 4583.5772 | G24: =Corridas!R146 -> 766.5217 | H24: =Corridas!Q147 -> 2282.1039 | I24: =Corridas!R147 -> 143.41407 | J24: =(H24-F24)/F24 -> -0.50211291 | K24: =TTEST(Corridas!G146:P146,Corridas!G147:P147,2,3) -> 3.9218073e-06 | L24: =IF(K24>=0.05,"n.s.",IF((H24>F24)=(E24="maior"),"VMware","Hyper-V (root)")) -> Hyper-V (root)
A25: Rede | B25: TCP convidado→anfitrião | C25: CPU iperf3 no anfitrião | D25: % | E25: menor | F25: =Corridas!Q138 -> 9.4314701 | G25: =Corridas!R138 -> 1.413012 | H25: =Corridas!Q139 -> 31.600284 | I25: =Corridas!R139 -> 1.5533654 | J25: =(H25-F25)/F25 -> 2.3505152 | K25: =TTEST(Corridas!G138:P138,Corridas!G139:P139,2,3) -> 1.5612266e-17 | L25: =IF(K25>=0.05,"n.s.",IF((H25>F25)=(E25="maior"),"VMware","Hyper-V (root)")) -> Hyper-V (root)
A26: Rede | B26: Ping (RTT) | C26: RTT médio | D26: ms | E26: menor | F26: =Corridas!Q156 -> 0.4628 | G26: =Corridas!R156 -> 0.029062385 | H26: =Corridas!Q157 -> 0.5074 | I26: =Corridas!R157 -> 0.12208485 | J26: =(H26-F26)/F26 -> 0.096369922 | K26: =TTEST(Corridas!G156:P156,Corridas!G157:P157,2,3) -> 0.28729319 | L26: =IF(K26>=0.05,"n.s.",IF((H26>F26)=(E26="maior"),"VMware","Hyper-V (root)")) -> n.s.
A27: Rede | B27: Ping (RTT) | C27: RTT máximo | D27: ms | E27: menor | F27: =Corridas!Q158 -> 0.7841 | G27: =Corridas!R158 -> 0.23383634 | H27: =Corridas!Q159 -> 2.3266 | I27: =Corridas!R159 -> 2.9158577 | J27: =(H27-F27)/F27 -> 1.9672236 | K27: =TTEST(Corridas!G158:P158,Corridas!G159:P159,2,3) -> 0.12933282 | L27: =IF(K27>=0.05,"n.s.",IF((H27>F27)=(E27="maior"),"VMware","Hyper-V (root)")) -> n.s.
A28: Rede | B28: Ping (RTT) | C28: RTT desvio (jitter) | D28: ms | E28: menor | F28: =Corridas!Q160 -> 0.075 | G28: =Corridas!R160 -> 0.037413604 | H28: =Corridas!Q161 -> 0.3041 | I28: =Corridas!R161 -> 0.49906946 | J28: =(H28-F28)/F28 -> 3.0546667 | K28: =TTEST(Corridas!G160:P160,Corridas!G161:P161,2,3) -> 0.18128391 | L28: =IF(K28>=0.05,"n.s.",IF((H28>F28)=(E28="maior"),"VMware","Hyper-V (root)")) -> n.s.
A29: Rede | B29: UDP a 1 Mbit/s | C29: Jitter | D29: ms | E29: menor | F29: =Corridas!Q166 -> 0.044091211 | G29: =Corridas!R166 -> 0.027066999 | H29: =Corridas!Q167 -> 0.0076417057 | I29: =Corridas!R167 -> 0.0047930431 | J29: =(H29-F29)/F29 -> -0.82668415 | K29: =TTEST(Corridas!G166:P166,Corridas!G167:P167,2,3) -> 0.0020382137 | L29: =IF(K29>=0.05,"n.s.",IF((H29>F29)=(E29="maior"),"VMware","Hyper-V (root)")) -> VMware
A30: Rede | B30: UDP a 100 Mbit/s | C30: Jitter | D30: ms | E30: menor | F30: =Corridas!Q172 -> 0.019527729 | G30: =Corridas!R172 -> 0.0097159581 | H30: =Corridas!Q173 -> 0.12626658 | I30: =Corridas!R173 -> 0.038856412 | J30: =(H30-F30)/F30 -> 5.4660147 | K30: =TTEST(Corridas!G172:P172,Corridas!G173:P173,2,3) -> 6.8828619e-06 | L30: =IF(K30>=0.05,"n.s.",IF((H30>F30)=(E30="maior"),"VMware","Hyper-V (root)")) -> Hyper-V (root)
A31: Rede | B31: UDP a 1 Gbit/s | C31: Débito | D31: Mbit/s | E31: maior | F31: =Corridas!Q174 -> 977.07692 | G31: =Corridas!R174 -> 17.622089 | H31: =Corridas!Q175 -> 299.41903 | I31: =Corridas!R175 -> 9.5471366 | J31: =(H31-F31)/F31 -> -0.69355634 | K31: =TTEST(Corridas!G174:P174,Corridas!G175:P175,2,3) -> 1.2707317e-21 | L31: =IF(K31>=0.05,"n.s.",IF((H31>F31)=(E31="maior"),"VMware","Hyper-V (root)")) -> Hyper-V (root)
A32: Rede | B32: UDP a 1 Gbit/s | C32: Perda de pacotes | D32: % | E32: menor | F32: =Corridas!Q178 -> 2.2847258 | G32: =Corridas!R178 -> 1.7620878 | H32: =Corridas!Q179 -> 0 | I32: =Corridas!R179 -> 0 | J32: =(H32-F32)/F32 -> -1 | K32: =TTEST(Corridas!G178:P178,Corridas!G179:P179,2,3) -> 0.0026758499 | L32: =IF(K32>=0.05,"n.s.",IF((H32>F32)=(E32="maior"),"VMware","Hyper-V (root)")) -> VMware
A34: Verde: ligação à folha Corridas. Δ%, p e Melhor: fórmulas. n.s. = não significativo (p ≥ 0,05). Sentido: se é melhor um valor maior ou menor.

Sheet Escalonador
A1: Hyper-V: escalonador root (predefinido no Windows 11) vs. core (predefinido no Windows Server) — mesma VM, 2 vCPU sem SMT
A3: Subsistema | B3: Teste | C3: Métrica | D3: Unidade | E3: Sentido | F3: Root média | G3: Root σ | H3: Core média | I3: Core σ | J3: Δ% | K3: p (Welch) | L3: Melhor
A4: CPU | B4: sysbench cpu, 1 thread | C4: Eventos/s | D4: eventos/s | E4: maior | F4: =Corridas!Q2 -> 295.212 | G4: =Corridas!R2 -> 2.8539828 | H4: =Corridas!Q3 -> 277.177 | I4: =Corridas!R3 -> 10.49496 | J4: =(H4-F4)/F4 -> -0.06109169 | K4: =TTEST(Corridas!G2:P2,Corridas!G3:P3,2,3) -> 0.000339239 | L4: =IF(K4>=0.05,"n.s.",IF((H4>F4)=(E4="maior"),"Hyper-V (core)","Hyper-V (root)")) -> Hyper-V (root)
A5: CPU | B5: sysbench cpu, 1 thread | C5: Latência p95 | D5: ms | E5: menor | F5: =Corridas!Q8 -> 3.59 | G5: =Corridas!R8 -> 0.17950549 | H5: =Corridas!Q9 -> 4.563 | I5: =Corridas!R9 -> 0.80610242 | J5: =(H5-F5)/F5 -> 0.27103064 | K5: =TTEST(Corridas!G8:P8,Corridas!G9:P9,2,3) -> 0.0040132537 | L5: =IF(K5>=0.05,"n.s.",IF((H5>F5)=(E5="maior"),"Hyper-V (core)","Hyper-V (root)")) -> Hyper-V (root)
A6: CPU | B6: sysbench cpu, 2 threads | C6: Eventos/s | D6: eventos/s | E6: maior | F6: =Corridas!Q14 -> 552.772 | G6: =Corridas!R14 -> 9.4790679 | H6: =Corridas!Q15 -> 555.643 | I6: =Corridas!R15 -> 28.645167 | J6: =(H6-F6)/F6 -> 0.0051938231 | K6: =TTEST(Corridas!G14:P14,Corridas!G15:P15,2,3) -> 0.7691308 | L6: =IF(K6>=0.05,"n.s.",IF((H6>F6)=(E6="maior"),"Hyper-V (core)","Hyper-V (root)")) -> n.s.
A7: CPU | B7: sysbench cpu, 2 threads | C7: Latência p95 | D7: ms | E7: menor | F7: =Corridas!Q20 -> 4.442 | G7: =Corridas!R20 -> 0.055936472 | H7: =Corridas!Q21 -> 4.498 | I7: =Corridas!R21 -> 1.1250857 | J7: =(H7-F7)/F7 -> 0.012606934 | K7: =TTEST(Corridas!G20:P20,Corridas!G21:P21,2,3) -> 0.87853678 | L7: =IF(K7>=0.05,"n.s.",IF((H7>F7)=(E7="maior"),"Hyper-V (core)","Hyper-V (root)")) -> n.s.
A9: Δ% = (core − root) / root.

Sheet Corridas
A1: Cenário | B1: Subsistema | C1: Teste | D1: Métrica | E1: Unidade | F1: Sentido | G1: R1 | H1: R2 | I1: R3 | J1: R4 | K1: R5 | L1: R6 | M1: R7 | N1: R8 | O1: R9 | P1: R10 | Q1: Média | R1: Desvio-padrão | S1: CV | T1: IC95 (±)
A2: Hyper-V (root) | B2: CPU | C2: sysbench cpu, 1 thread | D2: Eventos/s | E2: eventos/s | F2: maior é melhor | G2: 296.55 | H2: 294.07 | I2: 297.51 | J2: 289.4 | K2: 296.47 | L2: 296.69 | M2: 291.67 | N2: 297.15 | O2: 298.39 | P2: 294.22 | Q2: =AVERAGE(G2:P2) -> 295.212 | R2: =STDEV(G2:P2) -> 2.8539828 | S2: =IF(Q2=0,"",R2/Q2) -> 0.0096675704 | T2: =TINV(0.05,COUNT(G2:P2)-1)*R2/SQRT(COUNT(G2:P2)) -> 2.0416163
A3: Hyper-V (core) | B3: CPU | C3: sysbench cpu, 1 thread | D3: Eventos/s | E3: eventos/s | F3: maior é melhor | G3: 286.58 | H3: 275 | I3: 284 | J3: 275.63 | K3: 285.25 | L3: 278.4 | M3: 283.07 | N3: 253.13 | O3: 284.38 | P3: 266.33 | Q3: =AVERAGE(G3:P3) -> 277.177 | R3: =STDEV(G3:P3) -> 10.49496 | S3: =IF(Q3=0,"",R3/Q3) -> 0.037863747 | T3: =TINV(0.05,COUNT(G3:P3)-1)*R3/SQRT(COUNT(G3:P3)) -> 7.5076419
A4: VMware | B4: CPU | C4: sysbench cpu, 1 thread | D4: Eventos/s | E4: eventos/s | F4: maior é melhor | G4: 298.67 | H4: 301.58 | I4: 289.66 | J4: 276.83 | K4: 271.71 | L4: 301.13 | M4: 299.37 | N4: 245.14 | O4: 300.61 | P4: 293.95 | Q4: =AVERAGE(G4:P4) -> 287.865 | R4: =STDEV(G4:P4) -> 18.330423 | S4: =IF(Q4=0,"",R4/Q4) -> 0.063677151 | T4: =TINV(0.05,COUNT(G4:P4)-1)*R4/SQRT(COUNT(G4:P4)) -> 13.112795
A5: Hyper-V (root) | B5: CPU | C5: sysbench cpu, 1 thread | D5: Latência média | E5: ms | F5: menor é melhor | G5: 3.37 | H5: 3.4 | I5: 3.36 | J5: 3.45 | K5: 3.37 | L5: 3.37 | M5: 3.43 | N5: 3.36 | O5: 3.35 | P5: 3.4 | Q5: =AVERAGE(G5:P5) -> 3.386 | R5: =STDEV(G5:P5) -> 0.033065591 | S5: =IF(Q5=0,"",R5/Q5) -> 0.0097653843 | T5: =TINV(0.05,COUNT(G5:P5)-1)*R5/SQRT(COUNT(G5:P5)) -> 0.023653699
A6: Hyper-V (core) | B6: CPU | C6: sysbench cpu, 1 thread | D6: Latência média | E6: ms | F6: menor é melhor | G6: 3.49 | H6: 3.63 | I6: 3.52 | J6: 3.63 | K6: 3.5 | L6: 3.59 | M6: 3.53 | N6: 3.95 | O6: 3.51 | P6: 3.75 | Q6: =AVERAGE(G6:P6) -> 3.61 | R6: =STDEV(G6:P6) -> 0.14429907 | S6: =IF(Q6=0,"",R6/Q6) -> 0.039972042 | T6: =TINV(0.05,COUNT(G6:P6)-1)*R6/SQRT(COUNT(G6:P6)) -> 0.10322534
A7: VMware | B7: CPU | C7: sysbench cpu, 1 thread | D7: Latência média | E7: ms | F7: menor é melhor | G7: 3.35 | H7: 3.31 | I7: 3.45 | J7: 3.61 | K7: 3.68 | L7: 3.32 | M7: 3.34 | N7: 4.08 | O7: 3.32 | P7: 3.4 | Q7: =AVERAGE(G7:P7) -> 3.486 | R7: =STDEV(G7:P7) -> 0.24504875 | S7: =IF(Q7=0,"",R7/Q7) -> 0.070295108 | T7: =TINV(0.05,COUNT(G7:P7)-1)*R7/SQRT(COUNT(G7:P7)) -> 0.17529731
A8: Hyper-V (root) | B8: CPU | C8: sysbench cpu, 1 thread | D8: Latência p95 | E8: ms | F8: menor é melhor | G8: 3.49 | H8: 3.68 | I8: 3.43 | J8: 3.96 | K8: 3.49 | L8: 3.49 | M8: 3.82 | N8: 3.49 | O8: 3.43 | P8: 3.62 | Q8: =AVERAGE(G8:P8) -> 3.59 | R8: =STDEV(G8:P8) -> 0.17950549 | S8: =IF(Q8=0,"",R8/Q8) -> 0.05000153 | T8: =TINV(0.05,COUNT(G8:P8)-1)*R8/SQRT(COUNT(G8:P8)) -> 0.12841049
A9: Hyper-V (core) | B9: CPU | C9: sysbench cpu, 1 thread | D9: Latência p95 | E9: ms | F9: menor é melhor | G9: 3.96 | H9: 4.57 | I9: 4.03 | J9: 4.57 | K9: 3.89 | L9: 4.57 | M9: 4.1 | N9: 6.21 | O9: 3.96 | P9: 5.77 | Q9: =AVERAGE(G9:P9) -> 4.563 | R9: =STDEV(G9:P9) -> 0.80610242 | S9: =IF(Q9=0,"",R9/Q9) -> 0.17666062 | T9: =TINV(0.05,COUNT(G9:P9)-1)*R9/SQRT(COUNT(G9:P9)) -> 0.57665093
A10: VMware | B10: CPU | C10: sysbench cpu, 1 thread | D10: Latência p95 | E10: ms | F10: menor é melhor | G10: 3.49 | H10: 3.43 | I10: 4.41 | J10: 4.65 | K10: 4.57 | L10: 3.43 | M10: 3.49 | N10: 5.09 | O10: 3.43 | P10: 4.03 | Q10: =AVERAGE(G10:P10) -> 4.002 | R10: =STDEV(G10:P10) -> 0.63239931 | S10: =IF(Q10=0,"",R10/Q10) -> 0.15802082 | T10: =TINV(0.05,COUNT(G10:P10)-1)*R10/SQRT(COUNT(G10:P10)) -> 0.45239121
A11: Hyper-V (root) | B11: CPU | C11: sysbench cpu, 1 thread | D11: Latência máxima | E11: ms | F11: menor é melhor | G11: 4.61 | H11: 5.33 | I11: 5.11 | J11: 11.06 | K11: 15.96 | L11: 6.33 | M11: 5.66 | N11: 7.82 | O11: 4.06 | P11: 6.58 | Q11: =AVERAGE(G11:P11) -> 7.252 | R11: =STDEV(G11:P11) -> 3.6505732 | S11: =IF(Q11=0,"",R11/Q11) -> 0.50338847 | T11: =TINV(0.05,COUNT(G11:P11)-1)*R11/SQRT(COUNT(G11:P11)) -> 2.6114627
A12: Hyper-V (core) | B12: CPU | C12: sysbench cpu, 1 thread | D12: Latência máxima | E12: ms | F12: menor é melhor | G12: 11.25 | H12: 13.25 | I12: 8.34 | J12: 12.15 | K12: 9.7 | L12: 8.92 | M12: 11.38 | N12: 15.86 | O12: 13.5 | P12: 13 | Q12: =AVERAGE(G12:P12) -> 11.735 | R12: =STDEV(G12:P12) -> 2.3130367 | S12: =IF(Q12=0,"",R12/Q12) -> 0.19710581 | T12: =TINV(0.05,COUNT(G12:P12)-1)*R12/SQRT(COUNT(G12:P12)) -> 1.6546468
A13: VMware | B13: CPU | C13: sysbench cpu, 1 thread | D13: Latência máxima | E13: ms | F13: menor é melhor | G13: 13.73 | H13: 5.32 | I13: 7.18 | J13: 5.83 | K13: 378.65 | L13: 5.1 | M13: 8.13 | N13: 11.31 | O13: 7.18 | P13: 7.19 | Q13: =AVERAGE(G13:P13) -> 44.962 | R13: =STDEV(G13:P13) -> 117.27728 | S13: =IF(Q13=0,"",R13/Q13) -> 2.6083643 | T13: =TINV(0.05,COUNT(G13:P13)-1)*R13/SQRT(COUNT(G13:P13)) -> 83.89511
... A181: VMware | B181: Rede | C181: UDP a 1 Gbit/s | D181: Jitter | E181: ms | F181: menor é melhor | G181: 0.016694076 | H181: 0.0041451902 | I181: 0.0069703386 | J181: 0.0071485986 | K181: 0.0050478684 | L181: 0.0058926845 | M181: 0.0041166982 | N181: 0.005159764 | O181: 0.0070223668 | P181: 0.0054677648 | Q181: =AVERAGE(G181:P181) -> 0.006766535 | R181: =STDEV(G181:P181) -> 0.0036619372 | S181: =IF(Q181=0,"",R181/Q181) -> 0.54118351 | T181: =TINV(0.05,COUNT(G181:P181)-1)*R181/SQRT(COUNT(G181:P181)) -> 0.0026195921
A183: Valores a azul: medições originais (dados_brutos). Restantes colunas: fórmulas.

Sheet Configuração
A1: Configuração experimental
A3: Componente | B3: Hyper-V (Tipo 1) | C3: VMware (Tipo 2)
A4: Anfitrião | B4: HP, Intel Core i5-9300H (4 núcleos / 8 threads, 2,4 GHz), 16 GB DDR4-2666, SSD NVMe Samsung PM981 1 TB
A5: Sistema operativo anfitrião | B5: Windows 11 Home 25H2 (build 26200), plano "Elevado desempenho", ligado à corrente
A6: Modo do anfitrião | B6: Hipervisor ativo (hypervisorlaunchtype auto), escalonador root (0x4) | C6: Hipervisor desligado (hypervisorlaunchtype off), Monitor Mode: CPL0
A7: Versão | B7: Hyper-V, configuração de VM 12.0, Geração 2 | C7: VMware Workstation 17.6.4, hardware v21
A8: Convidado | B8: Ubuntu Server 26.04.1 LTS, kernel 7.0.0-38 | C8: Ubuntu Server 26.04.1 LTS, kernel 7.0.0-38
A9: vCPU | B9: 2, sem SMT (1 socket × 2 núcleos × 1 thread; HwThreadCountPerCore = 1) | C9: 2, sem SMT (2 sockets × 1 núcleo × 1 thread)
A10: Memória | B10: 4096 MB, memória dinâmica desativada | C10: 4096 MB
A11: Disco | B11: 25 GB .vhdx dinâmico, controlador SCSI sintético (VMBus) | C11: 25 GB .vmdk esparso, controlador LSI Logic (emulado)
A12: Escalonador de E/S no convidado | B12: none | C12: mq-deadline
A13: Rede | B13: hv_netvsc (paravirtualizada), Default Switch | C13: e1000 (emulada), NAT (VMnet8)
A14: Sistema de ficheiros | B14: ext4 sobre LVM | C14: ext4 sobre LVM
A15: Ferramentas | B15: sysbench 1.0.20, fio 3.41 (libaio, direct=1), iperf3 3.20 (convidado) / 3.22 (anfitrião) | C15: idem

Sheet Leia-me
A1: Hyper-V vs. VMware: Overhead da Virtualização — Resultados experimentais
A2: Unidade Curricular de Virtualização e Centros de Dados, Universidade da Beira Interior
A4: Folhas deste ficheiro
A5: Comparação — Hyper-V (Tipo 1, escalonador root) vs. VMware Workstation (Tipo 2): médias, Δ%, teste t de Welch (p) e cenário melhor.
A6: Escalonador — Hyper-V com escalonador root vs. core (mesma VM e topologia), teste de CPU.
A7: Corridas — valores das 10 repetições de cada métrica, com média, desvio-padrão amostral, CV e intervalo de confiança a 95%.
A8: Configuração — anfitrião, máquinas virtuais e ferramentas.
A10: Metodologia
A11: N = 10 repetições por teste, intercaladas, com uma corrida de aquecimento descartada (perfil "medio": sysbench 10 s; fio 3 s + 15 s; iperf3 10 s).
A12: Desvio-padrão amostral corrigido (STDEV); IC95 = t(0,975; N−1) × σ / √N; teste t de Welch bilateral (TTEST tipo 3); significativo se p < 0,05.
A13: Δ% = (VMware − Hyper-V) / Hyper-V. Em métricas "maior é melhor", Δ% < 0 indica pior desempenho do VMware; em "menor é melhor", Δ% > 0.
A14: Todos os valores calculados (média, σ, CV, IC95, Δ%, p) são fórmulas sobre a folha Corridas.
... A18: Gerados por 4_Scripts/ubuntu_convidado/bench.sh, rede.sh (TCP e ping) e rede_udp.sh (UDP); convertidos para CSV por parse_resultados.py.
